{
  "taus": [
    0.5,
    0.525,
    0.55,
    0.575,
    0.6,
    0.625,
    0.65,
    0.675,
    0.7,
    0.725,
    0.75,
    0.7749999999999999,
    0.8,
    0.825,
    0.85,
    0.875,
    0.8999999999999999,
    0.925,
    0.95
  ],
  "control_q": [
    10.0,
    25.0,
    45.0,
    60.0,
    80.0,
    100.0,
    120.0,
    150.0,
    190.0,
    217.29999999999563,
    250.0,
    300.0,
    355.0,
    432.0,
    505.0,
    630.0,
    800.0,
    1050.0,
    1500.0
  ],
  "itt_q": [
    -9.999999149449886,
    -24.99999468075666,
    -44.999974027965415,
    -44.99999936659343,
    -49.9999976576891,
    -50.000001644029844,
    -50.00000075106457,
    -55.000000047625626,
    -79.9999991674591,
    -69.99943508882991,
    -61.000053661041406,
    -80.00000250952093,
    -80.00000033076059,
    -107.00000007535805,
    -105.00000030906361,
    -130.00000107070147,
    -150.0000021385568,
    -200.00000196706046,
    -200.00000179430256
  ],
  "lo": [
    -10.907156691402406,
    -26.319733811972775,
    -46.619668345339264,
    -46.97295355882047,
    -58.6781716859175,
    -60.10642079920818,
    -62.50332063685834,
    -67.48962829972244,
    -92.97498426898676,
    -87.62009648598988,
    -77.61013301267451,
    -98.22614922188833,
    -106.36174664737035,
    -140.7552890488683,
    -130.89978784102004,
    -169.20412761356684,
    -201.16344107857918,
    -331.7923747016923,
    -289.4679637591375
  ],
  "hi": [
    -9.092841607497366,
    -23.680255549540547,
    -43.380279710591566,
    -43.027045174366386,
    -41.3218236294607,
    -39.89358248885151,
    -37.4966808652708,
    -42.51037179552881,
    -67.02501406593143,
    -52.37877369166995,
    -44.3899743094083,
    -61.773855797153516,
    -53.63825401415082,
    -73.24471110184778,
    -79.10021277710716,
    -90.7958745278361,
    -98.8365631985344,
    -68.20762923242856,
    -110.53203982946764
  ]
}